DELETE FROM QuestionOptions
DELETE FROM QuestionParts
DELETE FROM Questions
DELETE FROM Surveys

SET IDENTITY_INSERT [dbo].[Surveys] ON 
GO
INSERT INTO Surveys
    (Id, SurveyType, [Order], Title, Html)
VALUES
    (1 ,'Online' ,1 ,'Survey for Online Visit' ,'Thanks for using our online services. Now that you''ve read your tutor''s feedback, would you take a minute and let us know how we did?')
    ,(2 ,'Online' ,2 ,'Survey for Online Visit' ,'Thanks for using our online services. Now that you''ve read your tutor''s feedback, would you take a minute and let us know how we did?')
    ,(3 ,'Online' ,3 ,'Survey for Online Vist' ,'Thanks for using our online services. Now that you''ve read your tutor''s feedback, would you take a minute and let us know how we did?')
    
    ,(4 ,'OnsiteUWC' ,1 ,'Onsite Survey' ,'Thanks for accessing the Onsite Survey and taking a few minutes to answer the following questions.')
    ,(5 ,'OnsiteUWC' ,2 ,'Onsite Survey' ,'Thanks for accessing the Onsite Survey and taking a few minutes to answer the following questions.')
    ,(6 ,'OnsiteUWC' ,3 ,'Onsite Survey' ,'Thanks for accessing the Onsite Survey and taking a few minutes to answer the following questions.')

    ,(7 ,'OnsiteGSWC' ,1 ,'GSWC Survey' ,'Thanks for accessing the GSWC Survey and taking a few minutes to answer the following questions.')
    ,(8 ,'OnsiteGSWC' ,2 ,'GSWC Survey' ,'Thanks for accessing the GSWC Survey and taking a few minutes to answer the following questions.')
    ,(9 ,'OnsiteGSWC' ,3 ,'GSWC Survey' ,'Thanks for accessing the GSWC Survey and taking a few minutes to answer the following questions.')
SET IDENTITY_INSERT [dbo].[Surveys] OFF
GO
-------------------------------------------------------------
-- ONLINE SURVEY 1
-------------------------------------------------------------
SET IDENTITY_INSERT [dbo].[Questions] ON 
GO
INSERT INTO Questions
    (Id, Number, SurveyId)
VALUES
    (1 ,1 ,1)
    ,(2 ,2 ,1)
    ,(3 ,3 ,1)
    ,(4 ,4 ,1)
    ,(5 ,5 ,1)
SET IDENTITY_INSERT [dbo].[Questions] OFF 
GO

SET IDENTITY_INSERT [dbo].[QuestionParts] ON 
GO
INSERT INTO QuestionParts
    (Id, QuestionId, Part, InputType, Label, ShortLabel)
VALUES
    (1 ,1 ,1 ,'Radio' ,'About how much time did you spend writing the draft?' ,'Time Spent' )
    ,(2 ,2 ,1 ,'Text' ,'When you submitted your draft, what did you want to accomplish? Please explain.' ,'Want Accomplish' )
    ,(3 ,3 ,1 ,'YesNo' ,'Do you think the tutor''s feedback will enable you to accomplish this goal?' ,'Will Feedback Help?' )
    ,(4 ,3 ,2 ,'Text' ,'Please explain.' ,'Explain' )
    ,(5 ,4 ,1 ,'Text' ,'What do you plan to do as you revise?' ,'Plan to Revise' )
    ,(6 ,5 ,1 ,'YesNo' ,'Do you anticipate using our services in the future? Yes or No.' ,'Use UWC Again' )
    ,(7 ,5 ,2 ,'Text' ,'Please explain.' ,'Explain' )
SET IDENTITY_INSERT [dbo].[QuestionParts] OFF 
GO

SET IDENTITY_INSERT [dbo].[QuestionOptions] ON 
GO
INSERT INTO QuestionOptions
    (Id, QuestionPartId, [Order], Label, Value)
VALUES
    (1 ,1 ,1 ,'an hour or less' ,'an hour or less')
    ,(2 ,1 ,2 ,'two to three hours' ,'two to three hours')
    ,(3 ,1 ,3 ,'4 or more hours' ,'4 or more hours')
SET IDENTITY_INSERT [dbo].[QuestionOptions] OFF
GO

-------------------------------------------------------------
-- ONLINE SURVEY 2
-------------------------------------------------------------
SET IDENTITY_INSERT [dbo].[Questions] ON 
GO
INSERT INTO Questions
    (Id, Number, SurveyId)
VALUES
    (7 ,1 ,2)
    ,(8 ,2 ,2)
    ,(9 ,3 ,2)
    ,(10 ,4 ,2)
    ,(11 ,5 ,2)
SET IDENTITY_INSERT [dbo].[Questions] OFF
GO

SET IDENTITY_INSERT [dbo].[QuestionParts] ON 
GO
INSERT INTO QuestionParts
    (Id, QuestionId, Part, InputType, Label, ShortLabel)
VALUES
    (8 ,7 ,1 ,'Text' ,'What was your primary purpose for submitting your paper?' ,'Purpose' )
    ,(9 ,8 ,1 ,'YesNo' ,'Do you feel that your tutorials with the UWC are helping you to improve your written communication skills?' ,'Tutorials Improve Writing' )
    ,(10 ,8 ,2 ,'Text' ,'Please explain.' ,'Explain' )
    ,(11 ,9 ,1 ,'Text' ,'How has your writing and revising changed since you started using our services?' ,'Writing Changed' )
    ,(12 ,10 ,1 ,'YesNo' ,'Has your confidence level in your writing changed since you started using our services?' ,'Confidence Changed?' )
    ,(13 ,10 ,2 ,'Text' ,'Please explain.' ,'Explain' )
    ,(14 ,11 ,1 ,'Text' ,'In what other ways do you want to improve your writing?' ,'Ways Want to Improve?' )
SET IDENTITY_INSERT [dbo].[QuestionParts] OFF 
GO

-------------------------------------------------------------
-- ONLINE SURVEY 3
-------------------------------------------------------------
SET IDENTITY_INSERT [dbo].[Questions] ON
GO
INSERT INTO Questions
    (Id, Number, SurveyId)
VALUES
    (12 ,1 ,3)
    ,(13 ,2 ,3)
    ,(14 ,3 ,3)
    ,(15 ,4 ,3)
    ,(16 ,5 ,3)
	,(17 ,6 ,3)
SET IDENTITY_INSERT [dbo].[Questions] OFF
GO

SET IDENTITY_INSERT [dbo].[QuestionParts] ON 
GO
INSERT INTO [QuestionParts]
    (QuestionId, Id, Part, InputType, Label, ShortLabel)
VALUES
    (12 ,15 ,1 ,'Text' ,'What was your primary purpose for submitting your paper?' ,'Purpose')
     ,(13 ,16 ,1 ,'Text' ,'As a result of your tutorials, how has your understanding of your own writing process changed? Please explain.' ,'Writing Changed.')
     ,(14 ,17 ,1 ,'YesNo' ,'Is your confidence as a writer growing as a result of your visits?' ,'Confidence Growing?')
     ,(14 ,18 ,2 ,'Text' ,'Please explain.' ,'Explain')
     ,(15 ,19 ,1 ,'Text' ,'What else would you like to focus on in terms of improving your writing?' ,'What Else Focus?')
     ,(16 ,20 ,1 ,'Radio' ,'Which of the following choices best describes why you value our services?' ,'Value Our Services?')
     ,(16 ,21 ,2 ,'Text' ,'Other (Explain)' ,'Explain')
     ,(17 ,22 ,1 ,'Text' ,'In what other ways do you want to improve your writing?' ,'Ways Want to Improve?')
SET IDENTITY_INSERT [dbo].[QuestionParts] OFF
GO

SET IDENTITY_INSERT [dbo].[QuestionOptions] ON 
GO
INSERT INTO QuestionOptions
    (Id, QuestionPartId, [Order], Label, Value)
VALUES
    (4 ,20 ,1 ,'Submitting papers regularly keeps me on schedule to get my work done.' ,'submitregularly')
     ,(5 ,20 ,2 ,'Hearing where my writing breaks down for a reader helps me improve.' ,'hearingbreaksdown')
     ,(6 ,20 ,3 ,'Learning how to correct my errors makes me a better writer.' ,'learningcorrect')
SET IDENTITY_INSERT [dbo].[QuestionOptions] OFF
GO

-------------------------------------------------------------
-- ONSITE UWC SURVEY 1
-------------------------------------------------------------
SET IDENTITY_INSERT [dbo].[Questions] ON
GO
INSERT INTO Questions
    (Id, Number, SurveyId)
VALUES
    (18 ,1 ,4)
    ,(19 ,2 ,4)
    ,(20 ,3 ,4)
    ,(21 ,4 ,4)
    ,(22 ,5 ,4)
SET IDENTITY_INSERT [dbo].[Questions] OFF
GO

SET IDENTITY_INSERT [dbo].[QuestionParts] ON 
GO
INSERT INTO [QuestionParts]
    (QuestionId, Id, Part, InputType, Label, ShortLabel)
VALUES
    (18 ,23 ,1 ,'Text' ,'What were you hoping to accomplish during your tutorial today?' ,'Hope Accomplish')
     ,(19 ,24 ,1 ,'YesNo' ,'Were you able to achieve that purpose.' ,'Achieved?')
     ,(19 ,25 ,2 ,'Text' ,'Please explain.' ,'Explain')
     ,(20 ,26 ,1 ,'Text' ,'Now that the tutorial is over, what do you plan to do as you revise?' ,'Plan to Revise')
     ,(21 ,27 ,1 ,'Radio' ,'About how much time did you spend writing the draft for today''s tutorial?' ,'Time Writing')
     ,(21 ,28 ,2 ,'Text' ,'Please explain.' ,'Explain')
     ,(22 ,29 ,1 ,'YesNo' ,'Do you think you will use our services in the future? Yes or No.' ,'Use In Future?')
     ,(22 ,30 ,2 ,'Text' ,'Please explain.' ,'Explain')
SET IDENTITY_INSERT [dbo].[QuestionParts] OFF
GO

SET IDENTITY_INSERT [dbo].[QuestionOptions] ON 
GO
INSERT INTO QuestionOptions
    (Id, QuestionPartId, [Order], Label, Value)
VALUES
    (7 ,27 ,1 ,'an hour or less' ,'an hour or less')
    ,(8 ,27 ,2 ,'two to three hours' ,'two to three hours')
    ,(9 ,27 ,3 ,'4 or more hours' ,'4 or more hours')
SET IDENTITY_INSERT [dbo].[QuestionOptions] OFF
GO

-------------------------------------------------------------
-- ONSITE UWC SURVEY 2
-------------------------------------------------------------
SET IDENTITY_INSERT [dbo].[Questions] ON
GO
INSERT INTO Questions
    (Id, Number, SurveyId)
VALUES
    (23 ,1 ,5)
    ,(24 ,2 ,5)
    ,(25 ,3 ,5)
    ,(26 ,4 ,5)
    ,(27 ,5 ,5)
SET IDENTITY_INSERT [dbo].[Questions] OFF
GO

SET IDENTITY_INSERT [dbo].[QuestionParts] ON 
GO
INSERT INTO [QuestionParts]
    (QuestionId, Id, Part, InputType, Label, ShortLabel)
VALUES
    (23 ,31 ,1 ,'Text' ,'What was your primary purpose for visiting the UWC today?' ,'Primary Purpose?')
     ,(24 ,32 ,1 ,'YesNo' ,'Do you feel that your tutorials with the UWC are helping you to improve your written communication skills? Yes or No.' ,'Tutorials Helping?')
     ,(24 ,33 ,2 ,'Text' ,'Please explain.' ,'Explain')
     ,(25 ,34 ,1 ,'Text' ,'How has your writing and revising changed since you started coming to the UWC?' ,'Writing Changed?')
     ,(26 ,35 ,1 ,'YesNo' ,'Has your confidence level in your writing changed since you started coming to the UWC?' ,'Confidence Changed?')
     ,(26 ,36 ,2 ,'Text' ,'Please explain.' ,'Explain')
     ,(27 ,37 ,1 ,'Text' ,'In what other ways do you want to improve your writing?' ,'Ways Want to Improve?')
SET IDENTITY_INSERT [dbo].[QuestionParts] OFF
GO

-------------------------------------------------------------
-- ONSITE UWC SURVEY 3
-------------------------------------------------------------
SET IDENTITY_INSERT [dbo].[Questions] ON
GO
INSERT INTO Questions
    (Id, Number, SurveyId)
VALUES
    (28 ,1 ,6)
    ,(29 ,2 ,6)
    ,(30 ,3 ,6)
    ,(31 ,4 ,6)
    ,(32 ,5 ,6)
	,(33 ,6 ,6)
SET IDENTITY_INSERT [dbo].[Questions] OFF
GO

SET IDENTITY_INSERT [dbo].[QuestionParts] ON 
GO
INSERT INTO [QuestionParts]
    (QuestionId, Id, Part, InputType, Label, ShortLabel)
VALUES
    (28 ,38 ,1 ,'Text' ,'What was your primary purpose for visiting the UWC today?' ,'Purpose')
	 ,(29 ,39 ,1 ,'Text' ,'As a result of your tutorials, how has your understanding of your own writing process changed?' ,'Understanding Change')
	 ,(30 ,40 ,1 ,'YesNo' ,'Is your confidence as a writer growing as a result of your visits?' ,'Confidence Growing')
     ,(30 ,41 ,2 ,'Text' ,'Please explain.' ,'Explain')
	 ,(31 ,42 ,1 ,'Text' ,'What else would you like to focus on in terms of improving your writing?' ,'Focue Improve')
	 ,(32 ,43 ,1 ,'Radio' ,'Which of the following best describes why you value our services?' ,'Value UWC')
	 ,(33 ,44 ,1 ,'Text' ,'In what other ways do you want to improve your writing?' ,'Ways Want to Improve?')
SET IDENTITY_INSERT [dbo].[QuestionParts] OFF
GO

SET IDENTITY_INSERT [dbo].[QuestionOptions] ON 
GO
INSERT INTO QuestionOptions
    (Id, QuestionPartId, [Order], Label, Value)
VALUES
    (10 ,43 ,1 ,'My appointments keep me on schedule to get my work done.' ,'valueUWC_OnSchedule')
    ,(11 ,43 ,2 ,'Reading my writing out loud with a tutor helps me figure out what it is I''m really trying to say.' ,'valueUWC_ReadingFigure')
    ,(12 ,43 ,3 ,'Reading my writing out loud helps me do a better job of meeting the needs of my readers' ,'valueUWC_ReadingNeeds')
	,(13 ,43 ,4 ,'Other. Please explain.' ,'valueUWC_Other')
SET IDENTITY_INSERT [dbo].[QuestionOptions] OFF
GO

-------------------------------------------------------------
-- ONSITE GSWC SURVEY 1
-------------------------------------------------------------
SET IDENTITY_INSERT [dbo].[Questions] ON
GO
INSERT INTO Questions
    (Id, Number, SurveyId)
VALUES
    (34 ,1 ,7)
    ,(35 ,2 ,7)
    ,(36 ,3 ,7)
    ,(37 ,4 ,7)
    ,(38 ,5 ,7)
	,(39 ,6 ,7)
	,(40 ,7 ,7)
SET IDENTITY_INSERT [dbo].[Questions] OFF
GO

SET IDENTITY_INSERT [dbo].[QuestionParts] ON 
GO
INSERT INTO [QuestionParts]
    (QuestionId, Id, Part, InputType, Label, ShortLabel)
VALUES
    --1
    (34 ,45 ,1 ,'Radio' ,'How did you access our services?' ,'Access')
	 --2 
	 ,(35 ,46 ,1 ,'Text' ,'What did you hope to accomplish during your Graduate Student Writing Center (GSWC) consultation?' ,'Hope Accomplish')
	 --3
	 ,(36 ,47 ,1 ,'Radio' ,'I feel that I was able to achieve this purpose.' ,'Achieved?')
     ,(36 ,48 ,2 ,'Text' ,'Please explain.' ,'Explain')
	 --4
	 ,(37 ,49 ,1 ,'Text' ,'What is the most important thing you learned or accomplished during your consultation?' ,'Most Important')
	 --5
	 ,(38 ,50 ,1 ,'Text' ,'Now that your consultation is over, what do you plan to do as you revise?' ,'Plan to Revise')
	 --6
	 ,(39 ,51 ,1 ,'YesNo' ,'Do you think you will use our writing consultation services in the future?' ,'Use In Future?')
	 ,(39 ,52 ,2 ,'Text' ,'Please explain.' ,'Explain')
	 --7
	 ,(40 ,53 ,1 ,'Text' ,'Please share any additional comments or suggestions for the GSWC.' ,'Comments')
SET IDENTITY_INSERT [dbo].[QuestionParts] OFF
GO

SET IDENTITY_INSERT [dbo].[QuestionOptions] ON 
GO
INSERT INTO QuestionOptions
    (Id, QuestionPartId, [Order], Label, Value)
VALUES
    --1
    (14 ,45 ,1 ,'Onsite (Face-to-face)' ,'Onsite (Face-to-face)')
    ,(15 ,45 ,2 ,'Online' ,'Online')
	--3
	,(16 ,47 ,1 ,'Strongly Agree' ,'Strongly Agree')
    ,(17 ,47 ,2 ,'Agree' ,'Agree')
    ,(18 ,47 ,3 ,'Neither Agree Nor Disagree' ,'Neither Agree Nor Disagree')
	,(19 ,47 ,4 ,'Disagree' ,'Disagree')
	,(20 ,47 ,5 ,'Strongly Disagree' ,'Strongly Disagree')
SET IDENTITY_INSERT [dbo].[QuestionOptions] OFF
GO

-------------------------------------------------------------
-- ONSITE GSWC SURVEY 2
-------------------------------------------------------------
SET IDENTITY_INSERT [dbo].[Questions] ON
GO
INSERT INTO Questions
    (Id, Number, SurveyId)
VALUES
    (41 ,1 ,8)
    ,(42 ,2 ,8)
    ,(43 ,3 ,8)
    ,(44 ,4 ,8)
    ,(45 ,5 ,8)
SET IDENTITY_INSERT [dbo].[Questions] OFF
GO

SET IDENTITY_INSERT [dbo].[QuestionParts] ON 
GO
INSERT INTO [QuestionParts]
    (QuestionId, Id, Part, InputType, Label, ShortLabel)
VALUES
    --1
    (41 ,54 ,1 ,'Radio' ,'How did you access our services?' ,'Access Services')
	 --2 
	 ,(42 ,55 ,1 ,'Radio' ,'I feel that my written communication skills have improved because of my consultations at the GSWC.' ,'Feel Improved')
	 ,(42 ,56 ,2 ,'Text' ,'Please explain.' ,'Explain')
	 --3
     ,(43 ,57 ,1 ,'Radio' ,'I feel that my writing and revising practices have changed since I started working with the GSWC.' ,'Feel Changed')
	 ,(43 ,58 ,2 ,'Text' ,'Please explain.' ,'Explain')
	 --4
	 ,(44 ,59 ,1 ,'Text' ,'In what other ways do you want to improve your writing?' ,'Ways Want to Improve?')
	 --5
	 ,(45 ,60 ,1 ,'Text' ,'Please share any additional comments or suggestions for the GSWC.' ,'Comments')
SET IDENTITY_INSERT [dbo].[QuestionParts] OFF
GO

SET IDENTITY_INSERT [dbo].[QuestionOptions] ON 
GO
INSERT INTO QuestionOptions
    (Id, QuestionPartId, [Order], Label, Value)
VALUES
    --1
    (21 ,54 ,1 ,'Onsite (Face-to-face)' ,'Onsite (Face-to-face)')
    ,(22 ,54 ,2 ,'Online' ,'Online')
	--2
	,(23 ,55 ,1 ,'Strongly Agree' ,'Strongly Agree')
    ,(24 ,55 ,2 ,'Agree' ,'Agree')
    ,(25 ,55 ,3 ,'Neither Agree Nor Disagree' ,'Neither Agree Nor Disagree')
	,(26 ,55 ,4 ,'Disagree' ,'Disagree')
	,(27 ,55 ,5 ,'Strongly Disagree' ,'Strongly Disagree')
	--3
	,(28 ,57 ,1 ,'Strongly Agree' ,'Strongly Agree')
    ,(29 ,57 ,2 ,'Agree' ,'Agree')
    ,(30 ,57 ,3 ,'Neither Agree Nor Disagree' ,'Neither Agree Nor Disagree')
	,(31 ,57 ,4 ,'Disagree' ,'Disagree')
	,(32 ,57 ,5 ,'Strongly Disagree' ,'Strongly Disagree')
SET IDENTITY_INSERT [dbo].[QuestionOptions] OFF
GO

-------------------------------------------------------------
-- ONSITE GSWC SURVEY 3
-------------------------------------------------------------
SET IDENTITY_INSERT [dbo].[Questions] ON
GO
INSERT INTO Questions
    (Id, Number, SurveyId)
VALUES
    (46 ,1 ,9)
    ,(47 ,2 ,9)
    ,(48 ,3 ,9)
    ,(49 ,4 ,9)
    ,(50 ,5 ,9)
	,(51 ,6 ,9)
	,(52 ,7 ,9)
SET IDENTITY_INSERT [dbo].[Questions] OFF
GO

SET IDENTITY_INSERT [dbo].[QuestionParts] ON 
GO
INSERT INTO [QuestionParts]
    (QuestionId, Id, Part, InputType, Label, ShortLabel)
VALUES
    --1
    (46 ,61 ,1 ,'Radio' ,'How did you access our services?' ,'Access')
	 --2 
	 ,(47 ,62 ,1 ,'Radio' ,'I feel that my written communication skills have improved because of my consultations at the GSWC.' ,'Skills Improved')
	 ,(47 ,63 ,2 ,'Text' ,'Please explain.' ,'Explain')
	 --3
     ,(48 ,64 ,1 ,'Radio' ,'I feel that my writing and revising practices have changed since I started working with the GSWC.' ,'Feel Changed')
	 ,(48 ,65 ,2 ,'Text' ,'Please explain.' ,'Explain')
	 
	 --4
	 ,(49 ,66 ,1 ,'Radio' ,'I feel that my confidence in my writing has improved since I started working with the GSWC.' ,'Confidence Improving')
	 ,(49 ,67 ,2 ,'Text' ,'Please explain.' ,'Explain')
	 --5
	 ,(50 ,68 ,1 ,'Text' ,'What do you value most about GSWC writing consultations?' ,'Value GSWC')
	 --6
	 ,(51 ,69 ,1 ,'Text' ,'In what other ways do you want to improve your writing?' ,'Ways Want to Improve?')
	 --7
	 ,(52 ,70 ,1 ,'Text' ,'Please share any additional comments or suggestions for the GSWC.' ,'Comments')
SET IDENTITY_INSERT [dbo].[QuestionParts] OFF
GO

SET IDENTITY_INSERT [dbo].[QuestionOptions] ON 
GO
INSERT INTO QuestionOptions
    (Id, QuestionPartId, [Order], Label, Value)
VALUES
    --1
    (33 ,61 ,1 ,'Onsite (Face-to-face)' ,'Onsite (Face-to-face)')
    ,(34 ,61 ,2 ,'Online' ,'Online')
	--2
	,(35 ,62 ,1 ,'Strongly Agree' ,'Strongly Agree')
    ,(36 ,62 ,2 ,'Agree' ,'Agree')
    ,(37 ,62 ,3 ,'Neither Agree Nor Disagree' ,'Neither Agree Nor Disagree')
	,(38 ,62 ,4 ,'Disagree' ,'Disagree')
	,(39 ,62 ,5 ,'Strongly Disagree' ,'Strongly Disagree')
	--3
	,(40 ,64 ,1 ,'Strongly Agree' ,'Strongly Agree')
    ,(41 ,64 ,2 ,'Agree' ,'Agree')
    ,(42 ,64 ,3 ,'Neither Agree Nor Disagree' ,'Neither Agree Nor Disagree')
	,(43 ,64 ,4 ,'Disagree' ,'Disagree')
	,(44 ,64 ,5 ,'Strongly Disagree' ,'Strongly Disagree')
	--4
	,(45 ,66 ,1 ,'Strongly Agree' ,'Strongly Agree')
    ,(46 ,66 ,2 ,'Agree' ,'Agree')
    ,(47 ,66 ,3 ,'Neither Agree Nor Disagree' ,'Neither Agree Nor Disagree')
	,(48 ,66 ,4 ,'Disagree' ,'Disagree')
	,(49 ,66 ,5 ,'Strongly Disagree' ,'Strongly Disagree')
SET IDENTITY_INSERT [dbo].[QuestionOptions] OFF
GO

SELECT SurveyType ,[Order] AS '#' ,qp.Label ,qp.ShortLabel
FROM Surveys AS s
    INNER JOIN Questions q ON s.Id = q.surveyId
    INNER JOIN QuestionParts qp ON q.Id = qp.questionId